{"cameraMode":{"drawMode":0,"name":"Shaded","section":"Shading Mode"},"sceneLighting":true,"audioPlay":false,"sceneViewState":{"showFog":true,"showMaterialUpdate":false,"showSkybox":true,"showFlares":true,"showImageEffects":true,"showParticleSystems":true},"in2DMode":false,"pivot":{"x":1.6396950483322144,"y":-3.581052780151367,"z":2.0720953941345217},"rotation":{"x":-0.5128481388092041,"y":0.12323272973299027,"z":-0.0746781975030899,"w":-0.8463060259819031},"size":7.869374752044678,"orthographic":false}