{"position":{"x":-0.09372693300247193,"y":-3.2191762924194338,"z":0.0},"rotation":{"x":0.0,"y":0.0,"z":0.0,"w":1.0}}