{"position":{"x":3.709475517272949,"y":-3.2191762924194338,"z":0.0},"rotation":{"x":0.0,"y":0.0,"z":0.0,"w":1.0}}