{"position":{"x":-2.7657225131988527,"y":-3.2191762924194338,"z":0.0},"rotation":{"x":0.0,"y":0.0,"z":0.0,"w":1.0}}